Date,Price
14-11-2024,774.3
13-11-2024,786.25
12-11-2024,784.85
11-11-2024,804.7
08-11-2024,805.45
07-11-2024,819.75
06-11-2024,839.7
05-11-2024,835.65
04-11-2024,824.1
01-11-2024,843.45
31-10-2024,834.05
30-10-2024,840.2
29-10-2024,842.75
28-10-2024,878.45
25-10-2024,864.3
24-10-2024,880
23-10-2024,877.65
22-10-2024,879.5
21-10-2024,903.3
18-10-2024,910.15
17-10-2024,891.6
16-10-2024,907.45
15-10-2024,917.3
14-10-2024,928.25
11-10-2024,930.7
10-10-2024,928.5
09-10-2024,939.15
08-10-2024,919.8
07-10-2024,927.85
04-10-2024,930.75
03-10-2024,925.7
01-10-2024,965.2
30-09-2024,974.65
27-09-2024,993
26-09-2024,993.15
25-09-2024,963.6
24-09-2024,977.3
23-09-2024,971.8
20-09-2024,970.85
19-09-2024,967
18-09-2024,962.05
17-09-2024,974.95
16-09-2024,988.4
13-09-2024,992.1
12-09-2024,986.15
11-09-2024,976.3
10-09-2024,"1,035.80"
09-09-2024,"1,038.70"
06-09-2024,"1,049.35"
05-09-2024,"1,069.15"
04-09-2024,"1,080.45"
03-09-2024,"1,085.10"
02-09-2024,"1,092.65"
30-08-2024,"1,111.35"
29-08-2024,"1,121.65"
28-08-2024,"1,074.55"
27-08-2024,"1,077.25"
26-08-2024,"1,092.40"
23-08-2024,"1,085.15"
22-08-2024,"1,068.45"
21-08-2024,"1,085.20"
20-08-2024,"1,086.90"
19-08-2024,"1,087.70"
16-08-2024,"1,098.35"
14-08-2024,"1,062.35"
13-08-2024,"1,053.45"
12-08-2024,"1,076.15"
09-08-2024,"1,068.10"
08-08-2024,"1,041.75"
07-08-2024,"1,025.30"
06-08-2024,"1,013.75"
05-08-2024,"1,016.45"
02-08-2024,"1,096.65"
01-08-2024,"1,144.40"
31-07-2024,"1,156.65"
30-07-2024,"1,161.85"
29-07-2024,"1,124.00"
26-07-2024,"1,118.30"
25-07-2024,"1,090.95"
24-07-2024,"1,027.70"
23-07-2024,"1,001.80"
22-07-2024,"1,003.15"
19-07-2024,990
18-07-2024,"1,024.55"
16-07-2024,"1,021.15"
15-07-2024,"1,024.45"
12-07-2024,"1,016.75"
11-07-2024,"1,020.80"
10-07-2024,"1,005.50"
09-07-2024,"1,014.95"
08-07-2024,"1,002.60"
05-07-2024,993.65
04-07-2024,998.2
03-07-2024,975.65
02-07-2024,981.3
01-07-2024,"1,002.05"
28-06-2024,989.75
27-06-2024,972.1
26-06-2024,951.85
25-06-2024,955
24-06-2024,958.05
21-06-2024,961.8
20-06-2024,978.25
19-06-2024,977.35
18-06-2024,985.9
14-06-2024,993.4
13-06-2024,985.85
12-06-2024,988.7
11-06-2024,987.1
10-06-2024,972.15
07-06-2024,967.52
06-06-2024,935.36
05-06-2024,927.09
04-06-2024,901.12
03-06-2024,947.53
31-05-2024,920.16
30-05-2024,921.11
29-05-2024,940.7
28-05-2024,944.64
27-05-2024,955.55
24-05-2024,957.59
23-05-2024,959.39
22-05-2024,944.59
21-05-2024,948.37
18-05-2024,953.95
17-05-2024,942.79
16-05-2024,933.52
15-05-2024,944.39
14-05-2024,961.68
13-05-2024,956.8
10-05-2024,"1,043.43"
09-05-2024,"1,027.13"
08-05-2024,"1,008.99"
07-05-2024,985.51
06-05-2024,"1,013.07"
03-05-2024,"1,010.28"
02-05-2024,"1,024.64"
30-04-2024,"1,004.80"
29-04-2024,997.52
26-04-2024,996.43
25-04-2024,998.17
24-04-2024,988.6
23-04-2024,983.72
22-04-2024,970.55
19-04-2024,960.24
18-04-2024,968.36
16-04-2024,989.75
15-04-2024,995.73
12-04-2024,"1,015.37"
10-04-2024,"1,010.38"
09-04-2024,"1,005.40"
08-04-2024,"1,010.08"
05-04-2024,"1,004.00"
04-04-2024,"1,008.49"
03-04-2024,"1,006.05"
02-04-2024,"1,001.56"
01-04-2024,989.2
28-03-2024,989.75
27-03-2024,975.64
26-03-2024,983.17
22-03-2024,976.79
21-03-2024,961.93
20-03-2024,937.56
19-03-2024,954.8
18-03-2024,969.46
15-03-2024,942.94
14-03-2024,964.77
13-03-2024,970.21
12-03-2024,"1,013.37"
11-03-2024,"1,024.84"
07-03-2024,"1,036.10"
06-03-2024,"1,014.52"
05-03-2024,"1,018.76"
04-03-2024,984.16
02-03-2024,988.35
01-03-2024,974.39
29-02-2024,947.28
28-02-2024,955.1
27-02-2024,959.74
26-02-2024,934.07
23-02-2024,934.52
22-02-2024,929.43
21-02-2024,918.22
20-02-2024,923.5
19-02-2024,929.73
16-02-2024,935.71
15-02-2024,917.72
14-02-2024,915.47
13-02-2024,904.11
12-02-2024,908.8
09-02-2024,912.18
08-02-2024,921.46
07-02-2024,930.93
06-02-2024,936.66
05-02-2024,923.95
02-02-2024,876.05
01-02-2024,875.8
31-01-2024,881.48
30-01-2024,856.21
29-01-2024,838.41
25-01-2024,809.35
24-01-2024,808.41
23-01-2024,797.99
20-01-2024,818.9
19-01-2024,821.02
18-01-2024,816.53
17-01-2024,803.07
16-01-2024,816.33
15-01-2024,809.95
12-01-2024,813.94
11-01-2024,813.14
10-01-2024,805.96
09-01-2024,797.34
08-01-2024,786.67
05-01-2024,788.52
04-01-2024,793.3
03-01-2024,779.05
02-01-2024,781.99
01-01-2024,788.17
29-12-2023,777.55
28-12-2023,751.58
27-12-2023,738.62
26-12-2023,717.34
22-12-2023,722.47
21-12-2023,706.67
20-12-2023,703.08
19-12-2023,726.71
18-12-2023,728.55
15-12-2023,730.15
14-12-2023,717.54
13-12-2023,718.08
12-12-2023,713.2
11-12-2023,718.58
08-12-2023,712.35
07-12-2023,719.73
06-12-2023,720.23
05-12-2023,706.77
04-12-2023,703.43
01-12-2023,703.28
30-11-2023,704.23
29-11-2023,710.16
28-11-2023,695.35
24-11-2023,671.63
23-11-2023,677.86
22-11-2023,679.1
21-11-2023,679.6
20-11-2023,672.23
17-11-2023,679.45
16-11-2023,678.31
15-11-2023,669.48
13-11-2023,651.24
12-11-2023,653.55
10-11-2023,649.05
09-11-2023,647.35
08-11-2023,640.57
07-11-2023,643.02
06-11-2023,644.06
03-11-2023,645.51
02-11-2023,634.49
01-11-2023,625.77
31-10-2023,626.72
30-10-2023,626.57
27-10-2023,639.08
26-10-2023,624.62
25-10-2023,635.89
23-10-2023,645.36
20-10-2023,661.16
19-10-2023,666.74
18-10-2023,666.44
17-10-2023,653.68
16-10-2023,664.15
13-10-2023,665.05
12-10-2023,634.99
11-10-2023,632.05
10-10-2023,628.61
09-10-2023,615.45
06-10-2023,620.53
05-10-2023,617.69
04-10-2023,611.71
03-10-2023,618.54
29-09-2023,628.26
28-09-2023,612.21
27-09-2023,618.24
26-09-2023,617.89
25-09-2023,616.8
22-09-2023,618.54
21-09-2023,625.12
20-09-2023,636.54
18-09-2023,638.68
15-09-2023,632.3
14-09-2023,622.68
13-09-2023,623.97
12-09-2023,618.89
11-09-2023,632.9
08-09-2023,625.32
07-09-2023,613.01
06-09-2023,608.37
05-09-2023,609.27
04-09-2023,607.13
01-09-2023,609.32
31-08-2023,599.15
30-08-2023,603.69
29-08-2023,605.28
28-08-2023,600.55
25-08-2023,603.24
24-08-2023,609.07
23-08-2023,612.01
22-08-2023,618.29
21-08-2023,618.59
18-08-2023,613.91
17-08-2023,611.86
16-08-2023,616.85
14-08-2023,605.48
11-08-2023,609.92
10-08-2023,616.35
09-08-2023,620.64
08-08-2023,605.43
07-08-2023,607.63
04-08-2023,613.11
03-08-2023,617.05
02-08-2023,620.73
01-08-2023,641.67
31-07-2023,642.32
28-07-2023,633.35
27-07-2023,641.72
26-07-2023,639.13
25-07-2023,637.48
24-07-2023,627.31
21-07-2023,623.83
20-07-2023,619.74
19-07-2023,618.69
18-07-2023,610.22
17-07-2023,616.6
14-07-2023,622.98
13-07-2023,618.74
12-07-2023,619.54
11-07-2023,626.57
10-07-2023,616.75
07-07-2023,616.3
06-07-2023,598.95
05-07-2023,586.44
04-07-2023,589.63
03-07-2023,588.98
30-06-2023,593.72
28-06-2023,584.84
27-06-2023,571.34
26-06-2023,566.1
23-06-2023,557.93
22-06-2023,567.6
21-06-2023,579.61
20-06-2023,581.46
19-06-2023,564.31
16-06-2023,568.05
15-06-2023,566.7
14-06-2023,568.55
13-06-2023,560.47
12-06-2023,562.41
09-06-2023,560.57
08-06-2023,557.98
07-06-2023,566.2
06-06-2023,554.04
05-06-2023,544.57
02-06-2023,534.25
01-06-2023,533.55
31-05-2023,524.68
30-05-2023,517.2
29-05-2023,519.85
26-05-2023,516.85
25-05-2023,513.27
24-05-2023,518.6
23-05-2023,526.87
22-05-2023,520.89
19-05-2023,523.34
18-05-2023,506.89
17-05-2023,513.91
16-05-2023,519.55
15-05-2023,529.22
12-05-2023,514.36
11-05-2023,510.03
10-05-2023,507.93
09-05-2023,502.1
08-05-2023,498.96
05-05-2023,475.63
04-05-2023,479.32
03-05-2023,482.21
02-05-2023,478.77
28-04-2023,483.46
27-04-2023,480.12
26-04-2023,476.73
25-04-2023,472.09
24-04-2023,473.74
21-04-2023,469.75
20-04-2023,475.33
19-04-2023,467.96
18-04-2023,471.55
17-04-2023,470.7
13-04-2023,468.06
12-04-2023,464.07
11-04-2023,457.29
10-04-2023,459.88
06-04-2023,436.3
05-04-2023,425.24
03-04-2023,422.95
31-03-2023,419.51
29-03-2023,407.94
28-03-2023,400.36
27-03-2023,410.78
24-03-2023,415.22
23-03-2023,417.86
22-03-2023,414.82
21-03-2023,411.28
20-03-2023,409.49
17-03-2023,417.71
16-03-2023,414.42
15-03-2023,410.08
14-03-2023,415.37
13-03-2023,421.1
10-03-2023,434.51
09-03-2023,430.87
08-03-2023,437.95
06-03-2023,438.75
03-03-2023,426.68
02-03-2023,419.16
01-03-2023,424.69
28-02-2023,419.41
27-02-2023,416.66
24-02-2023,426.43
23-02-2023,431.87
22-02-2023,428.13
21-02-2023,435.16
20-02-2023,441.64
17-02-2023,438.55
16-02-2023,440.24
15-02-2023,442.78
14-02-2023,439.2
13-02-2023,439.69
10-02-2023,444.48
09-02-2023,435.41
08-02-2023,438.75
07-02-2023,434.11
06-02-2023,440.64
03-02-2023,444.08
02-02-2023,443.43
01-02-2023,445.28
31-01-2023,450.71
30-01-2023,442.29
27-01-2023,444.23
25-01-2023,417.76
24-01-2023,420.85
23-01-2023,407.14
20-01-2023,401.91
19-01-2023,399.52
18-01-2023,407.14
17-01-2023,414.02
16-01-2023,411.73
13-01-2023,410.23
12-01-2023,410.98
11-01-2023,416.91
10-01-2023,411.63
09-01-2023,388.25
06-01-2023,380.83
05-01-2023,385.71
04-01-2023,384.41
03-01-2023,392.69
02-01-2023,393.59
30-12-2022,386.76
29-12-2022,384.71
28-12-2022,390.1
27-12-2022,392.94
26-12-2022,383.62
23-12-2022,377.19
22-12-2022,393.24
21-12-2022,401.36
20-12-2022,409.24
19-12-2022,416.71
16-12-2022,420.3
15-12-2022,415.42
14-12-2022,416.61
13-12-2022,417.21
12-12-2022,412.88
09-12-2022,412.03
08-12-2022,415.92
07-12-2022,418.81
06-12-2022,425.79
05-12-2022,427.43
02-12-2022,434.06
01-12-2022,436.9
30-11-2022,438.05
29-11-2022,431.82
28-11-2022,431.92
25-11-2022,431.87
24-11-2022,422.1
23-11-2022,422.75
22-11-2022,423.39
21-11-2022,419.8
18-11-2022,422.5
17-11-2022,421.85
16-11-2022,430.22
15-11-2022,435.8
14-11-2022,432.37
11-11-2022,422.2
10-11-2022,410.93
09-11-2022,431.82
07-11-2022,433.66
04-11-2022,424.04
03-11-2022,414.97
02-11-2022,420.85
01-11-2022,420.05
31-10-2022,411.48
28-10-2022,408.64
27-10-2022,406.45
25-10-2022,403.31
24-10-2022,400.36
21-10-2022,396.83
20-10-2022,396.88
19-10-2022,397.82
18-10-2022,403.01
17-10-2022,394.88
14-10-2022,395.03
13-10-2022,397.77
12-10-2022,395.33
11-10-2022,392.14
10-10-2022,394.73
07-10-2022,410.88
06-10-2022,412.83
04-10-2022,406.64
03-10-2022,396.43
30-09-2022,403.36
29-09-2022,401.01
28-09-2022,397.87
27-09-2022,397.57
26-09-2022,396.28
23-09-2022,421.8
22-09-2022,430.87
21-09-2022,426.33
20-09-2022,432.91
19-09-2022,424.14
16-09-2022,431.17
15-09-2022,445.87
14-09-2022,448.82
13-09-2022,455.39
12-09-2022,449.61
09-09-2022,444.53
08-09-2022,440.84
07-09-2022,444.48
06-09-2022,456.34
05-09-2022,457.59
02-09-2022,460.33
01-09-2022,465.46
30-08-2022,469.65
29-08-2022,451.95
26-08-2022,463.62
25-08-2022,457.79
24-08-2022,461.77
23-08-2022,459.03
22-08-2022,453.2
19-08-2022,469.55
18-08-2022,483.31
17-08-2022,483.91
16-08-2022,488.34
12-08-2022,476.08
11-08-2022,475.18
10-08-2022,474.09
08-08-2022,466.81
05-08-2022,463.82
04-08-2022,467.46
03-08-2022,466.36
02-08-2022,474.79
01-08-2022,477.73
29-07-2022,448.22
28-07-2022,440.89
27-07-2022,442.68
26-07-2022,439.79
25-07-2022,448.17
22-07-2022,453.5
21-07-2022,453.45
20-07-2022,452.05
19-07-2022,447.67
18-07-2022,449.51
15-07-2022,438.85
14-07-2022,426.73
13-07-2022,425.79
12-07-2022,429.23
11-07-2022,435.71
08-07-2022,440.19
07-07-2022,429.52
06-07-2022,415.07
05-07-2022,410.73
04-07-2022,407.19
01-07-2022,411.43
30-06-2022,411.8
29-06-2022,416.95
28-06-2022,417.1
27-06-2022,414.5
24-06-2022,409.3
23-06-2022,407.2
22-06-2022,393.1
21-06-2022,397.6
20-06-2022,382.7
17-06-2022,388.95
16-06-2022,392.95
15-06-2022,414.1
14-06-2022,405.15
13-06-2022,406.7
10-06-2022,428.05
09-06-2022,428.5
08-06-2022,435.65
07-06-2022,435.85
06-06-2022,432.35
03-06-2022,431.9
02-06-2022,439.15
01-06-2022,444.6
31-05-2022,443.55
30-05-2022,442.4
27-05-2022,429.6
26-05-2022,420.65
25-05-2022,417
24-05-2022,425.75
23-05-2022,421.45
20-05-2022,418
19-05-2022,398.65
18-05-2022,415.15
17-05-2022,424.15
16-05-2022,405.35
13-05-2022,404.3
12-05-2022,372.3
11-05-2022,388.15
10-05-2022,391.75
09-05-2022,403.95
06-05-2022,408.55
05-05-2022,426.3
04-05-2022,423.5
02-05-2022,432.85
29-04-2022,437.6
28-04-2022,436.05
27-04-2022,430.25
26-04-2022,434.9
25-04-2022,425.15
22-04-2022,438.85
21-04-2022,448.05
20-04-2022,440.55
19-04-2022,424.95
18-04-2022,433.8
13-04-2022,431.05
12-04-2022,438.3
11-04-2022,452.05
08-04-2022,452.05
07-04-2022,449.5
06-04-2022,456.15
05-04-2022,458.05
04-04-2022,446.75
01-04-2022,441.15
31-03-2022,433.75
30-03-2022,435.65
29-03-2022,433.7
28-03-2022,432.7
25-03-2022,432.1
24-03-2022,433.2
23-03-2022,435.8
22-03-2022,440.35
21-03-2022,427.95
17-03-2022,433.8
16-03-2022,424.9
15-03-2022,413.65
14-03-2022,411.7
11-03-2022,418.15
10-03-2022,419.6
09-03-2022,405.9
08-03-2022,391.75
07-03-2022,394
04-03-2022,417.25
03-03-2022,437.1
02-03-2022,447.6
28-02-2022,454.05
25-02-2022,459.75
24-02-2022,427.95
23-02-2022,477
22-02-2022,478.25
21-02-2022,494.45
18-02-2022,493.15
17-02-2022,499.95
16-02-2022,498.45
15-02-2022,504
14-02-2022,471.45
11-02-2022,498.85
10-02-2022,507.45
09-02-2022,501.25
08-02-2022,492.75
07-02-2022,494.6
04-02-2022,500.6
03-02-2022,504.5
02-02-2022,506.4
01-02-2022,504.3
31-01-2022,517.75
28-01-2022,497.3
27-01-2022,494.4
25-01-2022,490.55
24-01-2022,478.45
21-01-2022,501.85
20-01-2022,515.7
19-01-2022,520.85
18-01-2022,510.8
17-01-2022,525
14-01-2022,509.9
13-01-2022,511.95
12-01-2022,507.25
11-01-2022,501.3
10-01-2022,503.7
07-01-2022,490.6
06-01-2022,488.85
05-01-2022,489.75
04-01-2022,489.6
03-01-2022,497.6
31-12-2021,482.4
30-12-2021,470.4
29-12-2021,476
28-12-2021,480.2
27-12-2021,471.15
24-12-2021,467.6
23-12-2021,472.35
22-12-2021,470.5
21-12-2021,453.6
20-12-2021,447.05
17-12-2021,470.2
16-12-2021,491.95
15-12-2021,491.65
14-12-2021,489.4
13-12-2021,495.35
10-12-2021,494.45
09-12-2021,493.95
08-12-2021,493.9
07-12-2021,481.8
06-12-2021,467.2
03-12-2021,480.1
02-12-2021,479.1
01-12-2021,475.25
30-11-2021,458.6
29-11-2021,461.45
26-11-2021,460.2
25-11-2021,492.75
24-11-2021,488.65
23-11-2021,495.5
22-11-2021,486.1
18-11-2021,509.7
17-11-2021,530.15
16-11-2021,519.05
15-11-2021,505.45
12-11-2021,507.05
11-11-2021,503.45
10-11-2021,510.75
09-11-2021,509.65
08-11-2021,501.4
04-11-2021,489.7
03-11-2021,484.9
02-11-2021,487.85
01-11-2021,485.7
29-10-2021,483.7
28-10-2021,481.05
27-10-2021,497.9
26-10-2021,508.65
25-10-2021,479.9
22-10-2021,490.9
21-10-2021,508
20-10-2021,486.9
19-10-2021,481.9
18-10-2021,509.6
14-10-2021,497.6
13-10-2021,506.9
12-10-2021,420.85
11-10-2021,415.75
08-10-2021,382.95
07-10-2021,376.5
06-10-2021,336.05
05-10-2021,344.95
04-10-2021,342
01-10-2021,333.3
30-09-2021,333.35
29-09-2021,330.25
28-09-2021,329.3
27-09-2021,331.65
24-09-2021,317.95
23-09-2021,321.5
22-09-2021,310.1
21-09-2021,301.95
20-09-2021,298.95
17-09-2021,308.6
16-09-2021,311.65
15-09-2021,311.95
14-09-2021,306.1
13-09-2021,301.2
09-09-2021,298.95
08-09-2021,295.25
07-09-2021,294.6
06-09-2021,297.45
03-09-2021,295.55
02-09-2021,293.15
01-09-2021,295.25
31-08-2021,287.3
30-08-2021,291.95
27-08-2021,285.75
26-08-2021,284.3
25-08-2021,284.4
24-08-2021,279.8
23-08-2021,276.95
20-08-2021,283.1
18-08-2021,293.35
17-08-2021,297.7
16-08-2021,303.7
13-08-2021,307.25
12-08-2021,306
11-08-2021,295.45
10-08-2021,294.2
09-08-2021,298.1
06-08-2021,300.05
05-08-2021,299.7
04-08-2021,298.15
03-08-2021,303.7
02-08-2021,296.85
30-07-2021,293.95
29-07-2021,292.9
28-07-2021,284.45
27-07-2021,291.4
26-07-2021,293.15
23-07-2021,295.55
22-07-2021,302.55
20-07-2021,302.15
19-07-2021,308.85
16-07-2021,311.25
15-07-2021,310.25
14-07-2021,309.55
13-07-2021,310.95
12-07-2021,307.45
09-07-2021,306.3
08-07-2021,306.35
07-07-2021,317.1
06-07-2021,316.9
05-07-2021,346.1
02-07-2021,344.9
01-07-2021,344.25
30-06-2021,339.6
29-06-2021,341.55
28-06-2021,342.8
25-06-2021,339.65
24-06-2021,334.65
23-06-2021,335.25
22-06-2021,337.9
21-06-2021,334.3
18-06-2021,337.4
17-06-2021,345.65
16-06-2021,349.35
15-06-2021,352.7
14-06-2021,355.95
11-06-2021,350.75
10-06-2021,344.75
09-06-2021,343.35
08-06-2021,352.75
07-06-2021,345.5
04-06-2021,334.95
03-06-2021,325.65
02-06-2021,323
01-06-2021,318.1
31-05-2021,318.75
28-05-2021,318.75
27-05-2021,318.6
26-05-2021,315.5
25-05-2021,315.25
24-05-2021,311.85
21-05-2021,313.1
20-05-2021,307.7
19-05-2021,314.45
18-05-2021,332.45
17-05-2021,321.1
14-05-2021,312.25
12-05-2021,326
11-05-2021,315.55
10-05-2021,314.85
07-05-2021,302.75
06-05-2021,301.25
05-05-2021,291.5
04-05-2021,289.45
03-05-2021,293
30-04-2021,293.85
29-04-2021,301.9
28-04-2021,305.9
27-04-2021,301.5
26-04-2021,295.4
23-04-2021,294
22-04-2021,294.55
20-04-2021,298.05
19-04-2021,301.4
16-04-2021,310
15-04-2021,303.5
13-04-2021,302.85
12-04-2021,286.55
09-04-2021,318.2
08-04-2021,313.95
07-04-2021,307.8
06-04-2021,307.75
05-04-2021,305.05
01-04-2021,307.75
31-03-2021,301.8
30-03-2021,297.05
26-03-2021,296.4
25-03-2021,285.55
24-03-2021,294.45
23-03-2021,307.4
22-03-2021,303.05
19-03-2021,308.95
18-03-2021,307
17-03-2021,305.8
16-03-2021,319.95
15-03-2021,318.55
12-03-2021,317.55
10-03-2021,321.45
09-03-2021,315.2
08-03-2021,321.25
05-03-2021,325.15
04-03-2021,339.2
03-03-2021,348.5
02-03-2021,345.75
01-03-2021,328.3
26-02-2021,322.95
25-02-2021,333.15
24-02-2021,321.65
23-02-2021,324
22-02-2021,304.5
19-02-2021,311.85
18-02-2021,323.85
17-02-2021,330.15
16-02-2021,329.2
15-02-2021,333.35
12-02-2021,325.4
11-02-2021,325
10-02-2021,328.9
09-02-2021,325.05
08-02-2021,335.95
05-02-2021,315.9
04-02-2021,326.15
03-02-2021,331
02-02-2021,322
01-02-2021,279.6
29-01-2021,262.7
28-01-2021,266.8
27-01-2021,267.5
25-01-2021,279.15
22-01-2021,289.35
21-01-2021,290.6
20-01-2021,274.9
19-01-2021,258.65
18-01-2021,245.95
15-01-2021,260.3
14-01-2021,245.1
13-01-2021,242.6
12-01-2021,237.8
11-01-2021,220.65
08-01-2021,198.15
07-01-2021,196.75
06-01-2021,195.4
05-01-2021,193.2
04-01-2021,191.3
01-01-2021,186.5
31-12-2020,183.85
30-12-2020,184.15
29-12-2020,183.45
28-12-2020,186.35
24-12-2020,175.95
23-12-2020,169.2
22-12-2020,164.95
21-12-2020,164.55
18-12-2020,180.55
17-12-2020,181.7
16-12-2020,182.55
15-12-2020,178.9
14-12-2020,177.65
11-12-2020,178.85
10-12-2020,177.6
09-12-2020,182.7
08-12-2020,181.8
07-12-2020,183.55
04-12-2020,184.15
03-12-2020,184.85
02-12-2020,183.6
01-12-2020,179.75
27-11-2020,180.35
26-11-2020,173.75
25-11-2020,171.45
24-11-2020,172.05
23-11-2020,170.7
20-11-2020,169.1
19-11-2020,167.95
18-11-2020,173.5
17-11-2020,158
13-11-2020,146.35
12-11-2020,151.2
11-11-2020,150.95
10-11-2020,146
09-11-2020,141
06-11-2020,139
05-11-2020,137.65
04-11-2020,135.9
03-11-2020,134.1
02-11-2020,132.85
30-10-2020,132.65
29-10-2020,131.9
28-10-2020,134.8
27-10-2020,135.65
26-10-2020,133.7
23-10-2020,137
22-10-2020,133.5
21-10-2020,130.25
20-10-2020,129.65
19-10-2020,128.25
16-10-2020,127.75
15-10-2020,126.95
14-10-2020,130.7
13-10-2020,134.1
12-10-2020,135.9
09-10-2020,138.45
08-10-2020,140.95
07-10-2020,141
06-10-2020,144.75
05-10-2020,133.9
01-10-2020,133.5
30-09-2020,133.3
29-09-2020,131.7
28-09-2020,132.85
25-09-2020,127.25
24-09-2020,122.8
23-09-2020,131.4
22-09-2020,133.1
21-09-2020,137.45
18-09-2020,147.9
17-09-2020,147.65
16-09-2020,151.45
15-09-2020,148.4
14-09-2020,148.55
11-09-2020,144.3
10-09-2020,143.3
09-09-2020,140.1
08-09-2020,142.3
07-09-2020,149.4
04-09-2020,147.8
03-09-2020,151.85
02-09-2020,150.3
01-09-2020,143.8
31-08-2020,143.2
28-08-2020,142.8
27-08-2020,144.25
26-08-2020,137.9
25-08-2020,127.1
24-08-2020,121.2
21-08-2020,120.9
20-08-2020,121.7
19-08-2020,125.15
18-08-2020,125.6
17-08-2020,123.55
14-08-2020,124.6
13-08-2020,131.15
12-08-2020,125.35
11-08-2020,122.3
10-08-2020,123.85
07-08-2020,119.1
06-08-2020,116.8
05-08-2020,115.4
04-08-2020,111.45
03-08-2020,113.05
31-07-2020,104.65
30-07-2020,103.65
29-07-2020,105.75
28-07-2020,106.45
27-07-2020,101.7
24-07-2020,103.75
23-07-2020,106.05
22-07-2020,105.15
21-07-2020,108.45
20-07-2020,105.05
17-07-2020,106.4
16-07-2020,102.95
15-07-2020,103.2
14-07-2020,105.15
13-07-2020,108
10-07-2020,107.6
09-07-2020,106.95
08-07-2020,105.35
07-07-2020,109.05
06-07-2020,109
03-07-2020,103.45
02-07-2020,101.55
01-07-2020,100.75
30-06-2020,98.25
29-06-2020,99.45
26-06-2020,101.4
25-06-2020,103.8
24-06-2020,104.8
23-06-2020,104.4
22-06-2020,102.65
19-06-2020,102.5
18-06-2020,96.35
17-06-2020,95.4
16-06-2020,94.75
15-06-2020,100.5
12-06-2020,105.3
11-06-2020,106.15
10-06-2020,111.4
09-06-2020,111.45
08-06-2020,115.45
05-06-2020,110.75
04-06-2020,98.5
03-06-2020,98.75
02-06-2020,96.5
01-06-2020,89.55
29-05-2020,87
28-05-2020,87
27-05-2020,84.55
26-05-2020,83.1
22-05-2020,82.8
21-05-2020,84.1
20-05-2020,83.45
19-05-2020,81.8
18-05-2020,80.65
15-05-2020,84.35
14-05-2020,83.8
13-05-2020,87.2
12-05-2020,86.2
11-05-2020,86.1
08-05-2020,81.05
07-05-2020,82.5
06-05-2020,83.2
05-05-2020,80.9
04-05-2020,83.9
30-04-2020,93.25
29-04-2020,78.15
28-04-2020,76.95
27-04-2020,75.25
24-04-2020,74.2
23-04-2020,75.65
22-04-2020,75.9
21-04-2020,74.65
20-04-2020,80.45
17-04-2020,76.85
16-04-2020,74.65
15-04-2020,72.9
13-04-2020,74.25
09-04-2020,74.6
08-04-2020,67.6
07-04-2020,67.25
03-04-2020,65.3
01-04-2020,67.95
31-03-2020,71.05
30-03-2020,68.15
27-03-2020,70.7
26-03-2020,70.8
25-03-2020,70.25
24-03-2020,68.55
23-03-2020,66.2
20-03-2020,77.3
19-03-2020,72.95
18-03-2020,75.5
17-03-2020,77.95
16-03-2020,82.95
13-03-2020,89.75
12-03-2020,88
11-03-2020,98.9
09-03-2020,105.7
06-03-2020,114.2
05-03-2020,125.75
04-03-2020,126.2
03-03-2020,130.35
02-03-2020,125.4
28-02-2020,128.95
27-02-2020,145.25
26-02-2020,144.55
25-02-2020,149.9
24-02-2020,150.65
20-02-2020,158.5
19-02-2020,158.05
18-02-2020,161.6
17-02-2020,169.1
14-02-2020,169.1
13-02-2020,169.5
12-02-2020,170.95
11-02-2020,169.75
10-02-2020,168.9
07-02-2020,173.6
06-02-2020,178.85
05-02-2020,183.75
04-02-2020,165.7
03-02-2020,163.85
01-02-2020,165.6
31-01-2020,176.6
30-01-2020,186.2
29-01-2020,188.05
28-01-2020,176.1
27-01-2020,182.2
24-01-2020,186.5
23-01-2020,188.4
22-01-2020,185.6
21-01-2020,191.4
20-01-2020,195
17-01-2020,197.3
16-01-2020,197.55
15-01-2020,200.35
14-01-2020,195.85
13-01-2020,196.25
10-01-2020,196.35
09-01-2020,192
08-01-2020,182.55
07-01-2020,184.7
06-01-2020,185.65
03-01-2020,191.1
02-01-2020,193.75
01-01-2020,184.45
31-12-2019,185.15
30-12-2019,183.7
27-12-2019,176.15
26-12-2019,174.6
24-12-2019,175.5
23-12-2019,176.05
20-12-2019,175.95
19-12-2019,179.15
18-12-2019,174.8
17-12-2019,180.2
16-12-2019,174.95
13-12-2019,176.7
12-12-2019,173.35
11-12-2019,161.8
10-12-2019,159.7
09-12-2019,160.5
06-12-2019,161.5
05-12-2019,166.1
04-12-2019,169.4
03-12-2019,158.2
02-12-2019,161.05
29-11-2019,161.5
28-11-2019,164.8
27-11-2019,165.9
26-11-2019,163.4
25-11-2019,166.1
22-11-2019,162.35
21-11-2019,164.15
20-11-2019,167.4
19-11-2019,167.75
18-11-2019,170.1
15-11-2019,168.55
14-11-2019,167.05
13-11-2019,170.6
11-11-2019,172
08-11-2019,169.05
07-11-2019,171.5
06-11-2019,174.5
05-11-2019,172
04-11-2019,172.2
01-11-2019,175.05
31-10-2019,177.7
30-10-2019,171.9
29-10-2019,172.45
27-10-2019,147.7
25-10-2019,126.85
24-10-2019,133.5
23-10-2019,132.65
22-10-2019,131.75
18-10-2019,136.85
17-10-2019,139.5
16-10-2019,125.85
15-10-2019,126.95
14-10-2019,127.85
11-10-2019,121.3
10-10-2019,116.8
09-10-2019,120.9
07-10-2019,117.5
04-10-2019,119.65
03-10-2019,122.4
01-10-2019,115.3
30-09-2019,117.45
27-09-2019,119.9
26-09-2019,124.5
25-09-2019,123.05
24-09-2019,130.9
23-09-2019,127.9
20-09-2019,133.25
19-09-2019,124.2
18-09-2019,121.75
17-09-2019,122
16-09-2019,128.6
13-09-2019,129.55
12-09-2019,127.95
11-09-2019,134.35
09-09-2019,121.9
06-09-2019,121.25
05-09-2019,118.05
04-09-2019,109.5
03-09-2019,112.65
30-08-2019,116.7
29-08-2019,114.3
28-08-2019,116.35
27-08-2019,120.35
26-08-2019,110.55
23-08-2019,111.05
22-08-2019,107.7
21-08-2019,112.4
20-08-2019,123.85
19-08-2019,120.8
16-08-2019,121.35
14-08-2019,120.9
13-08-2019,121.95
09-08-2019,122.05
08-08-2019,124.05
07-08-2019,117.4
06-08-2019,122.5
05-08-2019,123.75
02-08-2019,130.7
01-08-2019,129.55
31-07-2019,135.6
30-07-2019,133.45
29-07-2019,137.55
26-07-2019,147.15
25-07-2019,144.3
24-07-2019,151.25
23-07-2019,156.2
22-07-2019,156.75
19-07-2019,154.85
18-07-2019,160.75
17-07-2019,167.9
16-07-2019,170
15-07-2019,160.95
12-07-2019,159.3
11-07-2019,156.8
10-07-2019,151.65
09-07-2019,155.8
08-07-2019,154.55
05-07-2019,160.2
04-07-2019,165.2
03-07-2019,162.3
02-07-2019,163.75
01-07-2019,168
28-06-2019,162.55
27-06-2019,165.85
26-06-2019,161.1
25-06-2019,160.45
24-06-2019,159.3
21-06-2019,158.9
20-06-2019,159.25
19-06-2019,154.65
18-06-2019,158.3
17-06-2019,158.75
14-06-2019,164.2
13-06-2019,167.4
12-06-2019,169.05
11-06-2019,170.75
10-06-2019,166.2
07-06-2019,169.5
06-06-2019,169.7
04-06-2019,173.25
03-06-2019,174.5
31-05-2019,172.6
30-05-2019,175.15
29-05-2019,176.35
28-05-2019,180.25
27-05-2019,181.35
24-05-2019,182.3
23-05-2019,175.15
22-05-2019,179.1
21-05-2019,176.8
20-05-2019,190.15
17-05-2019,176.85
16-05-2019,175.4
15-05-2019,169.45
14-05-2019,184.5
13-05-2019,180.75
10-05-2019,185.9
09-05-2019,186.35
08-05-2019,185.1
07-05-2019,190.95
06-05-2019,199.8
03-05-2019,209.45
02-05-2019,207.3
30-04-2019,214.3
26-04-2019,215.6
25-04-2019,221.85
24-04-2019,223.6
23-04-2019,231.65
22-04-2019,234.85
18-04-2019,236.25
16-04-2019,230.5
15-04-2019,231.75
12-04-2019,215.95
11-04-2019,218.2
10-04-2019,216.05
09-04-2019,205.9
08-04-2019,200.55
05-04-2019,205.15
04-04-2019,206.15
03-04-2019,201.35
02-04-2019,202.95
01-04-2019,187.35
29-03-2019,174.25
28-03-2019,170.55
27-03-2019,169.85
26-03-2019,173.1
25-03-2019,171.3
22-03-2019,175.4
20-03-2019,180.2
19-03-2019,182.85
18-03-2019,182.25
15-03-2019,180
14-03-2019,179.55
13-03-2019,181.7
12-03-2019,184.8
11-03-2019,181.85
08-03-2019,181.2
07-03-2019,189.3
06-03-2019,188.8
05-03-2019,194.05
01-03-2019,180.3
28-02-2019,177.45
27-02-2019,177.35
26-02-2019,182.65
25-02-2019,175.75
22-02-2019,174.3
21-02-2019,169.7
20-02-2019,164.8
19-02-2019,163.75
18-02-2019,162.9
15-02-2019,161.65
14-02-2019,159.85
13-02-2019,155
12-02-2019,151.8
11-02-2019,152.65
08-02-2019,150.7
07-02-2019,182.85
06-02-2019,178.5
05-02-2019,175.8
04-02-2019,180.25
01-02-2019,181.65
31-01-2019,181.2
30-01-2019,174.6
29-01-2019,173.6
28-01-2019,172.3
25-01-2019,173.25
24-01-2019,175.4
23-01-2019,180.25
22-01-2019,180.85
21-01-2019,181.5
18-01-2019,183.3
17-01-2019,184.9
16-01-2019,185.45
15-01-2019,185.35
14-01-2019,182.4
11-01-2019,180.3
10-01-2019,185.75
09-01-2019,183.05
08-01-2019,179.95
07-01-2019,175.35
04-01-2019,170.95
03-01-2019,166.05
02-01-2019,168.55
01-01-2019,173.45
31-12-2018,172.7
28-12-2018,170.85
27-12-2018,168.25
26-12-2018,170.9
24-12-2018,172.5
21-12-2018,176.25
20-12-2018,176.4
19-12-2018,173.9
18-12-2018,174.75
17-12-2018,173.95
14-12-2018,166.95
13-12-2018,166.85
12-12-2018,164.1
11-12-2018,158.1
10-12-2018,157.1
07-12-2018,162.4
06-12-2018,162.65
05-12-2018,169.2
04-12-2018,175.75
03-12-2018,175.45
30-11-2018,171.95
29-11-2018,177.25
28-11-2018,174.45
27-11-2018,180.05
26-11-2018,181.75
22-11-2018,182.55
21-11-2018,184.15
20-11-2018,183.75
19-11-2018,184.6
16-11-2018,179.9
15-11-2018,180.2
14-11-2018,176.8
13-11-2018,179.5
12-11-2018,186.05
09-11-2018,195.25
07-11-2018,194.85
06-11-2018,193.25
05-11-2018,189.8
02-11-2018,190.3
01-11-2018,179.45
31-10-2018,179.1
30-10-2018,177.25
29-10-2018,175.35
26-10-2018,168.5
25-10-2018,165.35
24-10-2018,170.65
23-10-2018,170.65
22-10-2018,170.75
19-10-2018,174.7
17-10-2018,179.95
16-10-2018,185.85
15-10-2018,184.35
12-10-2018,183.75
11-10-2018,182.95
10-10-2018,188.75
09-10-2018,184.35
08-10-2018,212.35
05-10-2018,216.25
04-10-2018,223.25
03-10-2018,227.6
01-10-2018,229.35
28-09-2018,223.7
27-09-2018,225.25
26-09-2018,233.35
25-09-2018,240.8
24-09-2018,240.2
21-09-2018,250.35
19-09-2018,252.6
18-09-2018,251.5
17-09-2018,260.25
14-09-2018,266.6
12-09-2018,262.4
11-09-2018,267.3
10-09-2018,275.7
07-09-2018,277.4
06-09-2018,269.95
05-09-2018,266.5
04-09-2018,261.95
03-09-2018,266.6
31-08-2018,267.5
30-08-2018,259.35
29-08-2018,261.7
28-08-2018,260
27-08-2018,258.8
24-08-2018,255.5
23-08-2018,256.9
21-08-2018,268.8
20-08-2018,270.1
17-08-2018,258.25
16-08-2018,251.3
14-08-2018,248.8
13-08-2018,248.7
10-08-2018,250.1
09-08-2018,257.85
08-08-2018,255.15
07-08-2018,251.6
06-08-2018,254.05
03-08-2018,258.45
02-08-2018,260.85
01-08-2018,265.05
31-07-2018,264.1
30-07-2018,267.5
27-07-2018,268.15
26-07-2018,258.25
25-07-2018,257.85
24-07-2018,258.8
23-07-2018,258.75
20-07-2018,253.4
19-07-2018,252.5
18-07-2018,251.85
17-07-2018,257.95
16-07-2018,252.1
13-07-2018,263.6
12-07-2018,266.1
11-07-2018,267.8
10-07-2018,275.45
09-07-2018,273.5
06-07-2018,270.85
05-07-2018,261.55
04-07-2018,267.05
03-07-2018,269.45
02-07-2018,266.7
29-06-2018,269.3
28-06-2018,263.35
27-06-2018,271.05
26-06-2018,276.85
25-06-2018,289.4
22-06-2018,308
21-06-2018,307
20-06-2018,305.6
19-06-2018,305.05
18-06-2018,308.8
15-06-2018,302.95
14-06-2018,305.9
13-06-2018,308.4
12-06-2018,307.8
11-06-2018,309.75
08-06-2018,309.95
07-06-2018,305.4
06-06-2018,295.65
05-06-2018,284.95
04-06-2018,286.65
01-06-2018,287.2
31-05-2018,282.5
30-05-2018,288.9
29-05-2018,294.65
28-05-2018,296.3
25-05-2018,294.15
24-05-2018,288.65
23-05-2018,309.45
22-05-2018,307.7
21-05-2018,295.9
18-05-2018,304.6
17-05-2018,314.9
16-05-2018,310.25
15-05-2018,310.1
14-05-2018,323.6
11-05-2018,330.8
10-05-2018,333.6
09-05-2018,341.95
08-05-2018,332.15
07-05-2018,335.15
04-05-2018,334.4
03-05-2018,333.5
02-05-2018,336.05
30-04-2018,340.4
27-04-2018,336.9
26-04-2018,330.25
25-04-2018,328.6
24-04-2018,331.55
23-04-2018,334.05
20-04-2018,336
19-04-2018,334.25
18-04-2018,334.8
17-04-2018,336.45
16-04-2018,339.15
13-04-2018,357.05
12-04-2018,358.4
11-04-2018,355.8
10-04-2018,353.25
09-04-2018,358.3
06-04-2018,364.1
05-04-2018,362.2
04-04-2018,355.6
03-04-2018,343.1
02-04-2018,339.15
28-03-2018,326.85
27-03-2018,331.15
26-03-2018,332.35
23-03-2018,330.85
22-03-2018,338.2
21-03-2018,333.85
20-03-2018,338.8
19-03-2018,335.7
16-03-2018,339.75
15-03-2018,353.1
14-03-2018,354.05
13-03-2018,353.15
12-03-2018,352.6
09-03-2018,341.5
08-03-2018,345.15
07-03-2018,347.8
06-03-2018,346.5
05-03-2018,352.05
01-03-2018,370.75
28-02-2018,369.9
27-02-2018,372.55
26-02-2018,372.05
23-02-2018,360.2
22-02-2018,358.5
21-02-2018,364.45
20-02-2018,369.3
19-02-2018,368.75
16-02-2018,370.75
15-02-2018,375.8
14-02-2018,376.85
12-02-2018,371.8
09-02-2018,368.75
08-02-2018,374.85
07-02-2018,377.8
06-02-2018,375.45
05-02-2018,395.8
02-02-2018,383.75
01-02-2018,393.65
31-01-2018,399.5
30-01-2018,395.85
29-01-2018,399.25
25-01-2018,400.3
24-01-2018,403.6
23-01-2018,418
22-01-2018,421.9
19-01-2018,418.05
18-01-2018,418.95
17-01-2018,422.95
16-01-2018,421.9
15-01-2018,432.35
12-01-2018,437.1
11-01-2018,434.75
10-01-2018,433.3
09-01-2018,437.55
08-01-2018,433.55
05-01-2018,431.6
04-01-2018,429.95
03-01-2018,433.9
02-01-2018,439.3
01-01-2018,424.45
29-12-2017,431.85
28-12-2017,418.6
27-12-2017,422.45
26-12-2017,424.2
22-12-2017,422
21-12-2017,420.8
20-12-2017,422.6
19-12-2017,420.1
18-12-2017,405.8
15-12-2017,405.1
14-12-2017,402.4
13-12-2017,401.95
12-12-2017,406.85
11-12-2017,410.15
08-12-2017,411.15
07-12-2017,402
06-12-2017,397.05
05-12-2017,402.25
04-12-2017,403.65
01-12-2017,398.9
30-11-2017,404.15
29-11-2017,413.95
28-11-2017,415.95
27-11-2017,421.4
24-11-2017,425.5
23-11-2017,426.25
22-11-2017,428.6
21-11-2017,424.25
20-11-2017,423
17-11-2017,421.8
